,id,name,contract_years,total_value,gtd_start,gtd_total,year,position,height,weight,forty,vertical,bench,broad_jump,three_cone,shuttle,pick_number
0,11,Nelson Agholor,4,9377374,8520507,8520507,2015,WR,72,198,4.42000000,,12.0,,,,20.0
1,10,Arik Armstead,4,9842630,9842630,9842630,2015,DE,79,292,5.06000000,34.00000000,24.0,117.0,7.57000000,4.53000000,17.0
2,6,Vic Beasley,4,14495228,14495228,14495228,2015,OLB,75,246,4.53000000,41.00000000,35.0,130.0,6.91000000,4.15000000,8.0
3,3,Amari Cooper,4,22663116,22663116,22663116,2015,WR,73,211,4.42000000,33.00000000,,120.0,6.71000000,3.98000000,4.0
4,9,Melvin Gordon,4,10669773,10669773,10669773,2015,RB,73,215,4.52000000,35.00000000,19.0,126.0,7.04000000,4.07000000,15.0
5,13,D.J. Humphries,4,8912112,7261824,7261824,2015,OT,77,307,5.12000000,31.00000000,26.0,104.0,7.87000000,4.64000000,24.0
6,14,Byron Jones,4,8601941,6993950,6993950,2015,CB,73,199,4.43000000,44.50000000,,147.0,6.78000000,3.94000000,27.0
7,2,Marcus Mariota,4,24213974,24213974,24213974,2015,QB,76,222,4.52000000,36.00000000,,121.0,6.87000000,4.11000000,2.0
8,8,Andrus Peat,4,11393496,11393496,11393496,2015,OT,79,313,5.18000000,31.00000000,,105.0,8.01000000,4.62000000,13.0
9,15,Damarious Randall,4,7915734,5966315,5966315,2015,FS,71,196,4.46000000,38.00000000,14.0,120.0,6.83000000,4.07000000,30.0
10,4,Brandon Scherff,4,21215638,21215638,21215638,2015,OT,77,319,5.05000000,,23.0,,,,5.0
11,7,Trae Waynes,4,12944368,12944368,12944368,2015,CB,72,186,4.31000000,38.00000000,19.0,122.0,7.06000000,4.39000000,11.0
12,5,Leonard Williams,4,18630866,18630866,18630866,2015,DT,77,302,4.97000000,29.50000000,,106.0,7.59000000,4.53000000,6.0
13,1,Jameis Winston,4,25351277,25351277,25351277,2015,QB,76,231,4.97000000,28.50000000,,103.0,7.16000000,4.36000000,1.0
14,48,Mackensie Alexander,4,4316304,1985326,1985326,2016,CB,70,190,4.43000000,,11.0,,,,54.0
15,22,Eli Apple,4,15152320,15152320,15152320,2016,CB,73,199,4.40000000,,13.0,,,,10.0
16,50,Vonn Bell,4,3972299,1088945,1088945,2016,FS,71,199,4.52000000,,16.0,,,,61.0
17,83,Andrew Billings,4,2875845,535845,535845,2016,DT,73,311,5.05000000,27.50000000,31.0,113.0,8.05000000,4.82000000,122.0
18,93,Ronald Blair,4,2610405,270405,270405,2016,DE,74,284,5.15000000,30.00000000,32.0,113.0,7.95000000,4.53000000,142.0
19,122,Austin Blythe,4,2401989,61989,61989,2016,C,74,298,5.36000000,27.50000000,29.0,99.0,7.52000000,4.53000000,248.0
20,91,Devontae Booker,4,2723393,383393,383393,2016,RB,71,219,4.56000000,,22.0,,,,136.0
21,16,Joey Bosa,4,25873685,25873685,25873685,2016,DE,77,269,4.86000000,32.00000000,24.0,120.0,6.89000000,4.21000000,3.0
22,51,James Bradberry,4,3960836,1710646,1710646,2016,CB,73,211,4.50000000,36.00000000,16.0,124.0,6.91000000,4.21000000,62.0
23,102,Kentrell Brothers,4,2572681,232681,232681,2016,OLB,72,245,4.89000000,28.50000000,19.0,110.0,6.99000000,4.11000000,160.0
24,108,Anthony Brown,4,2474947,134947,134947,2016,CB,71,192,4.33000000,35.00000000,19.0,115.0,7.03000000,4.19000000,189.0
25,19,DeForest Buckner,4,18190995,18190995,18190995,2016,DE,79,291,5.05000000,32.00000000,,116.0,7.51000000,4.47000000,7.0
26,56,Jonathan Bullard,4,3413520,826520,826520,2016,DE,75,285,4.93000000,32.00000000,23.0,116.0,7.31000000,4.56000000,72.0
27,34,Artie Burns,4,9590981,7383120,7383120,2016,CB,72,193,4.46000000,31.50000000,,,,,25.0
28,85,Deon Bush,4,2866218,526218,526218,2016,FS,72,199,4.64000000,36.00000000,17.0,123.0,,,124.0
29,36,Vernon Butler,4,8396514,7946514,7946514,2016,DT,76,323,5.33000000,29.50000000,26.0,104.0,7.82000000,4.76000000,30.0
30,80,De'Vondre Campbell,4,2905528,565528,565528,2016,OLB,76,232,4.58000000,34.00000000,16.0,116.0,,,115.0
31,61,Le'Raven Clark,4,3142732,733732,733732,2016,OT,77,316,5.16000000,,18.0,,,,82.0
32,35,Kenny Clark,4,9361646,7185058,7185058,2016,DT,75,314,5.06000000,28.50000000,29.0,102.0,,4.62000000,27.0
33,58,Shon Coleman,4,3278816,787536,787536,2016,OT,77,307,5.18000000,,22.0,,,,76.0
34,54,Maliek Collins,4,3550180,881152,881152,2016,DT,74,311,5.03000000,29.50000000,25.0,109.0,7.53000000,4.52000000,67.0
35,20,Jack Conklin,4,15897658,15447658,15447658,2016,OT,78,308,5.00000000,30.00000000,25.0,103.0,7.63000000,4.57000000,8.0
36,111,Cody Core,4,2467932,127932,127932,2016,WR,75,205,4.47000000,31.50000000,14.0,119.0,,,199.0
37,42,Kamalei Correa,4,5749639,3092902,3092902,2016,DE,75,243,4.69000000,33.00000000,21.0,108.0,,,42.0
38,49,Sean Davis,4,4086970,1808113,1808113,2016,CB,73,201,4.46000000,37.50000000,21.0,126.0,6.64000000,3.97000000,58.0
39,74,Sheldon Day,4,2948410,608410,608410,2016,DT,73,293,5.07000000,30.00000000,21.0,102.0,7.44000000,4.50000000,103.0
40,27,Taylor Decker,4,10966980,10966980,10966980,2016,OT,79,310,5.23000000,29.00000000,20.0,101.0,7.70000000,4.76000000,16.0
41,57,Kenyan Drake,4,3381260,821260,821260,2016,RB,73,210,4.45000000,34.50000000,10.0,123.0,7.04000000,4.21000000,73.0
42,118,Lachlan Edwards,4,2415795,75795,75795,2016,P,76,209,4.98000000,,,,,,
43,62,Kyler Fackrell,4,3134328,694048,694048,2016,OLB,77,245,4.72000000,34.50000000,15.0,121.0,,,88.0
44,21,Leonard Floyd,4,15782861,15332861,15332861,2016,OLB,78,244,4.60000000,39.50000000,,127.0,,,9.0
45,114,Kavon Frazier,4,2440356,100356,100356,2016,FS,72,217,4.53000000,,18.0,,,,212.0
46,64,Kendall Fuller,4,3123424,718424,718424,2016,CB,71,187,4.48000000,,15.0,,,,84.0
47,32,Will Fuller,4,10164313,9409270,9409270,2016,WR,72,186,4.32000000,33.50000000,10.0,126.0,6.93000000,4.27000000,21.0
48,71,Graham Glasgow,4,3037920,645420,645420,2016,C,78,307,5.13000000,25.00000000,23.0,106.0,7.63000000,4.63000000,95.0
49,77,B.J. Goodson,4,2922207,582207,582207,2016,OLB,73,242,4.69000000,34.50000000,30.0,118.0,7.05000000,4.51000000,109.0
50,52,Adam Gotsis,4,3937904,2012926,2012926,2016,DT,76,287,4.88000000,,,,,,63.0
51,99,Joe Haeg,4,2582410,242410,242410,2016,OT,78,304,5.16000000,27.50000000,,111.0,7.47000000,4.47000000,155.0
52,65,Javon Hargrave,4,3114256,693256,693256,2016,DT,73,309,4.93000000,34.50000000,29.0,109.0,7.90000000,4.70000000,89.0
53,84,Jerald Hawkins,4,2870488,530488,530488,2016,OT,78,305,5.23000000,23.50000000,23.0,100.0,8.19000000,4.89000000,123.0
54,39,Hunter Henry,4,6380307,3981034,3981034,2016,TE,77,250,4.79000000,,13.0,,,,35.0
55,44,Derrick Henry,4,5407928,2828853,2828853,2016,RB,75,247,4.54000000,37.00000000,22.0,130.0,7.20000000,4.38000000,45.0
56,60,Austin Hooper,4,3213428,773428,773428,2016,TE,76,254,4.72000000,33.00000000,19.0,117.0,7.00000000,4.32000000,81.0
57,97,Jordan Howard,4,2588022,248022,248022,2016,RB,72,230,4.57000000,34.00000000,16.0,122.0,,,150.0
58,37,Germain Ifedi,4,8265105,6238046,6238046,2016,OT,78,324,5.27000000,32.50000000,24.0,109.0,,4.75000000,31.0
59,33,William Jackson III,4,9705644,7482147,7482147,2016,CB,72,189,4.37000000,,10.0,116.0,,,24.0
60,23,Vernon Hargreaves III,4,14177661,14177661,14177661,2016,CB,70,204,4.50000000,39.00000000,15.0,130.0,,3.98000000,11.0
61,63,Jordan Jenkins,4,3123920,723920,723920,2016,OLB,75,259,4.80000000,36.50000000,16.0,121.0,,,83.0
62,43,Austin Johnson,4,5662229,3025359,3025359,2016,DT,76,314,5.32000000,26.00000000,25.0,96.0,7.84000000,4.75000000,43.0
63,40,Chris Jones,4,6231229,3440039,3440039,2016,DT,78,310,5.03000000,24.50000000,26.0,106.0,7.44000000,4.62000000,37.0
64,26,Karl Joseph,4,11884317,11434317,11434317,2016,SS,70,205,4.57000000,,,,,,14.0
65,96,Matt Judon,4,2595736,255736,255736,2016,DE,75,275,4.73000000,35.00000000,30.0,109.0,7.67000000,4.52000000,146.0
66,119,Jayron Kearse,4,2404224,64224,64224,2016,SS,76,216,4.62000000,31.50000000,16.0,124.0,7.06000000,,244.0
67,29,Ryan Kelly,4,10450983,10450983,10450983,2016,C,76,311,5.03000000,30.00000000,26.0,103.0,7.58000000,4.59000000,18.0
68,78,Miles Killebrew,4,2918564,578564,578564,2016,SS,74,217,4.65000000,38.00000000,22.0,127.0,6.93000000,4.18000000,111.0
69,79,Nick Kwiatkoski,4,2915120,575120,575120,2016,ILB,74,243,4.73000000,32.00000000,19.0,120.0,7.16000000,4.22000000,113.0
70,30,Shaq Lawson,4,10278977,9828976,9828976,2016,DE,75,269,4.70000000,33.00000000,,120.0,7.16000000,4.21000000,19.0
71,31,Darron Lee,4,10221648,7927787,7927787,2016,OLB,73,232,4.47000000,35.50000000,17.0,133.0,7.12000000,4.20000000,20.0
72,87,Alex Lewis,4,2831897,491897,491897,2016,OT,78,312,5.22000000,29.50000000,27.0,100.0,7.94000000,4.72000000,130.0
73,89,Blake Martinez,4,2723393,383393,383393,2016,ILB,74,237,4.71000000,28.50000000,22.0,113.0,6.98000000,4.20000000,131.0
74,121,Tyler Matakevich,4,2403050,63050,63050,2016,OLB,72,238,4.81000000,31.00000000,22.0,112.0,7.19000000,4.50000000,246.0
75,95,Connor McGovern,4,2603900,263900,263900,2016,OG,76,306,5.11000000,33.00000000,33.0,109.0,7.50000000,4.65000000,144.0
76,117,Jalen Mills,4,2416856,76856,76856,2016,SS,72,191,4.61000000,37.00000000,16.0,123.0,6.86000000,4.00000000,233.0
77,75,Chris Moore,4,2936360,596360,596360,2016,WR,73,206,4.53000000,37.00000000,10.0,130.0,6.76000000,4.20000000,107.0
78,107,David Morgan,4,2475457,106200,106200,2016,TE,76,262,,,,,,,188.0
79,73,Eric Murray,4,2967303,599803,599803,2016,CB,71,199,4.49000000,39.50000000,15.0,124.0,7.08000000,4.05000000,106.0
80,53,Carl Nassib,4,3598862,889752,889752,2016,DE,79,277,4.84000000,28.50000000,21.0,114.0,7.27000000,4.37000000,65.0
81,28,Keanu Neal,4,10737645,10737645,10737645,2016,SS,72,211,4.62000000,38.00000000,17.0,132.0,7.09000000,4.38000000,17.0
82,55,Yannick Ngakoue,4,3480587,856176,856176,2016,DE,74,252,4.75000000,34.50000000,26.0,118.0,7.35000000,4.50000000,69.0
83,38,Emmanuel Ogbah,4,6609641,4357450,4357450,2016,DE,76,273,4.63000000,35.50000000,20.0,121.0,7.26000000,4.50000000,32.0
84,90,Dak Prescott,4,2723393,383393,383393,2016,QB,74,226,4.79000000,32.50000000,,116.0,7.11000000,4.32000000,135.0
85,66,C.J. Prosise,4,3112464,692464,692464,2016,RB,72,220,4.48000000,35.50000000,,121.0,,,90.0
86,41,Reggie Ragland,4,5841370,3163786,3163786,2016,ILB,73,247,4.72000000,31.50000000,,116.0,,4.28000000,41.0
87,17,Jalen Ramsey,4,23351000,22901000,22901000,2016,CB,73,209,4.41000000,41.50000000,14.0,135.0,6.94000000,4.18000000,5.0
88,24,Sheldon Rankins,4,12801648,12801648,12801648,2016,DT,73,299,5.03000000,34.50000000,28.0,118.0,7.44000000,4.59000000,12.0
89,104,D.J. Reader,4,2555380,215380,215380,2016,DT,75,327,5.33000000,29.50000000,30.0,99.0,7.90000000,4.71000000,166.0
90,47,Jarran Reed,4,4889637,2428355,2428355,2016,DT,75,307,5.21000000,31.00000000,,104.0,7.77000000,4.75000000,49.0
91,81,Hassan Ridgeway,4,2900222,560222,560222,2016,DT,75,303,5.02000000,32.00000000,24.0,113.0,8.28000000,4.82000000,116.0
92,86,Demarcus Robinson,4,2857172,517172,517172,2016,WR,73,203,4.59000000,34.50000000,,123.0,6.77000000,4.19000000,126.0
93,45,A'Shawn Robinson,4,5233635,2694172,2694172,2016,DT,76,307,5.20000000,26.00000000,22.0,106.0,7.80000000,4.74000000,46.0
94,72,Joe Schobert,4,2973956,633956,633956,2016,OLB,73,244,4.76000000,33.50000000,22.0,111.0,7.11000000,4.30000000,99.0
95,92,Tajae Sharpe,4,2614884,274884,274884,2016,WR,74,194,4.55000000,33.50000000,11.0,114.0,,,140.0
96,101,Brandon Shell,4,2575966,235966,235966,2016,OT,77,324,5.22000000,30.50000000,22.0,112.0,,,158.0
97,69,Justin Simmons,4,3069552,645420,645420,2016,FS,74,202,4.61000000,40.00000000,16.0,126.0,6.58000000,3.85000000,98.0
98,100,LeShaun Sims,4,2578186,238186,238186,2016,CB,72,203,4.53000000,37.00000000,11.0,120.0,7.08000000,4.19000000,157.0
99,98,Wendell Smallwood,4,2584578,244578,244578,2016,RB,70,208,4.47000000,33.50000000,14.0,120.0,6.83000000,4.28000000,153.0
100,76,Ryan Smith,4,2932161,592161,592161,2016,CB,71,189,4.47000000,36.00000000,18.0,122.0,6.88000000,4.09000000,108.0
101,46,Jason Spriggs,4,5004293,2516954,2516954,2016,OT,78,301,4.94000000,31.50000000,31.0,115.0,7.70000000,4.44000000,48.0
102,18,Ronnie Stanley,4,20484331,20034331,20034331,2016,OT,78,312,5.20000000,28.50000000,,,8.03000000,4.90000000,6.0
103,59,Joe Thuney,4,3213428,773428,773428,2016,OT,77,304,4.95000000,28.50000000,28.0,110.0,7.47000000,4.54000000,78.0
104,25,Laremy Tunsil,4,12457650,12457650,12457650,2016,OT,77,310,5.23000000,,,,,,13.0
105,103,Halapoulivaati Vaitai,4,2565125,225125,225125,2016,OT,78,320,5.26000000,29.00000000,23.0,113.0,8.26000000,5.00000000,164.0
106,70,Nick Vannett,4,3056880,656880,656880,2016,TE,78,257,4.76000000,30.50000000,17.0,111.0,7.05000000,4.20000000,94.0
107,67,Nick Vigil,4,3110629,695629,695629,2016,ILB,74,239,4.72000000,31.50000000,,115.0,6.73000000,4.00000000,87.0
108,94,DeAndre Washington,4,2609195,269195,269195,2016,RB,68,204,4.49000000,34.50000000,24.0,116.0,7.03000000,4.20000000,143.0
109,68,Brandon Williams,4,3082696,672695,672695,2016,CB,71,197,4.37000000,30.50000000,18.0,118.0,6.85000000,4.19000000,92.0
110,200,Montravius Adams,4,3276776,744776,744776,2017,DT,76,304,4.87000000,29.00000000,22.0,108.0,7.62000000,4.89000000,93.0
111,128,Jamal Adams,4,22258738,22258738,22258738,2017,SS,72,214,4.56000000,31.50000000,18.0,120.0,6.96000000,4.13000000,6.0
112,139,Jonathan Allen,4,11596377,11596377,11596377,2017,DT,75,286,5.00000000,30.00000000,21.0,108.0,7.49000000,4.50000000,17.0
113,170,Ryan Anderson,4,5324723,2719559,2719559,2017,OLB,74,253,4.78000000,,,,,,49.0
114,195,Alex Anzalone,4,3465592,864592,864592,2017,OLB,75,241,4.63000000,30.50000000,16.0,116.0,6.88000000,4.25000000,76.0
115,179,Chidobe Awuzie,4,4283588,1255336,1255336,2017,CB,72,202,4.43000000,34.50000000,16.0,132.0,6.81000000,4.14000000,60.0
116,157,Budda Baker,4,6830005,3882732,3882732,2017,FS,70,195,4.45000000,32.50000000,15.0,115.0,6.76000000,4.08000000,36.0
117,136,Derek Barnett,4,12850772,12850772,12850772,2017,DE,75,259,4.88000000,31.00000000,,117.0,6.96000000,4.44000000,14.0
118,196,Tarell Basham,4,3355856,835856,835856,2017,DE,76,269,4.70000000,31.50000000,15.0,119.0,7.27000000,4.35000000,80.0
119,193,C.J. Beathard,4,3528646,706288,706288,2017,QB,74,219,,31.00000000,,113.0,,,104.0
120,211,Kendell Beckwith,4,3175288,706288,706288,2017,ILB,74,243,,,20.0,,,,107.0
121,142,Garrett Bolles,4,11031904,8597553,8597553,2017,OT,77,297,4.95000000,28.00000000,,115.0,7.29000000,4.55000000,20.0
122,275,Kendrick Bourne,3,1670000,25000,25000,2017,WR,73,203,4.68000000,34.00000000,9.0,125.0,6.73000000,4.21000000,
123,168,Tyus Bowser,4,5575610,3378426,3378426,2017,OLB,75,247,4.65000000,37.50000000,21.0,127.0,6.75000000,,47.0
124,264,Noah Brown,4,2471938,71938,71938,2017,WR,74,222,,,19.0,,7.07000000,4.33000000,239.0
125,242,Jayon Brown,4,2671553,271553,271553,2017,ILB,72,231,4.70000000,31.50000000,17.0,120.0,,,155.0
126,237,Jake Butt,4,2700938,300938,300938,2017,TE,77,246,,,,,,,145.0
127,265,Chris Carson,4,2465129,65129,65129,2017,RB,72,218,4.58000000,37.00000000,23.0,130.0,,,249.0
128,150,Taco Charlton,4,10028388,7730881,7730881,2017,DE,78,277,4.92000000,33.00000000,25.0,116.0,7.17000000,4.39000000,28.0
129,254,Chuck Clark,4,2574807,174807,174807,2017,FS,72,208,4.54000000,34.00000000,16.0,122.0,6.85000000,4.07000000,186.0
130,221,Tarik Cohen,4,3035658,635658,635658,2017,RB,66,179,4.42000000,31.50000000,11.0,118.0,,,119.0
131,146,Gareon Conley,4,10467424,8110048,8110048,2017,CB,72,195,4.44000000,37.00000000,11.0,129.0,6.68000000,4.18000000,24.0
132,212,James Conner,4,3161523,706288,706288,2017,RB,73,233,4.65000000,29.00000000,20.0,113.0,,,105.0
133,162,Dalvin Cook,4,6353334,3514395,3514395,2017,RB,70,210,4.49000000,30.50000000,22.0,116.0,7.27000000,4.53000000,41.0
134,176,Zach Cunningham,4,4471745,2060439,2060439,2017,OLB,75,234,4.67000000,35.00000000,15.0,125.0,7.03000000,4.29000000,57.0
135,227,Julien Davenport,4,2986420,586420,586420,2017,OT,79,318,5.45000000,27.00000000,18.0,106.0,7.57000000,4.69000000,
136,279,Keionta Davis,3,1665000,0,0,2017,DE,75,271,,,,,,,
137,143,Jarrad Davis,4,10969183,8543384,8543384,2017,ILB,73,238,,,,,,,21.0
138,127,Corey Davis,4,25394688,25394688,25394688,2017,WR,75,209,,,,,,,5.0
139,181,Dion Dawkins,4,4183239,1837503,1837503,2017,OG,76,314,5.11000000,26.00000000,26.0,106.0,7.30000000,4.78000000,63.0
140,226,Joshua Dobbs,4,2999124,599124,599124,2017,QB,75,216,4.64000000,33.00000000,,122.0,6.75000000,4.31000000,135.0
141,208,Rasul Douglas,4,3176038,706288,706288,2017,CB,74,209,4.59000000,33.50000000,16.0,120.0,6.97000000,4.26000000,99.0
142,188,Pat Elflein,4,3747840,936840,936840,2017,C,75,303,5.32000000,23.50000000,22.0,99.0,7.94000000,4.71000000,70.0
143,145,Evan Engram,4,10718304,10718304,10718304,2017,TE,75,234,4.42000000,36.00000000,19.0,125.0,6.92000000,4.23000000,23.0
144,171,Justin Evans,4,5199295,2622638,2622638,2017,SS,72,199,,,14.0,,,,50.0
145,165,Gerald Everett,4,6044469,3275726,3275726,2017,TE,75,239,4.62000000,37.50000000,22.0,126.0,6.99000000,4.33000000,44.0
146,189,Dan Feeney,4,3731632,924632,924632,2017,OG,76,305,5.24000000,28.00000000,26.0,101.0,7.52000000,4.68000000,71.0
147,261,Johnathan Ford,4,2540181,140181,140181,2017,FS,71,205,,,20.0,,,,
148,153,Reuben Foster,4,9035309,6873222,6873222,2017,ILB,72,229,,,,,,,31.0
149,126,Leonard Fournette,4,27150842,27150842,27150842,2017,RB,72,240,4.51000000,28.50000000,,,,,4.0
150,233,Wayne Gallman,4,2819648,419648,419648,2017,RB,72,215,4.60000000,29.50000000,21.0,120.0,7.17000000,4.28000000,140.0
151,123,Myles Garrett,4,30412255,30412255,30412255,2017,DE,76,272,4.64000000,41.00000000,33.0,128.0,,,1.0
152,222,Ben Gedeon,4,3033147,633147,633147,2017,ILB,74,244,4.75000000,34.50000000,27.0,119.0,6.98000000,4.13000000,120.0
153,232,Ryan Glasgow,4,2819648,419648,419648,2017,DT,75,302,5.13000000,27.50000000,20.0,105.0,7.55000000,4.50000000,138.0
154,199,Chris Godwin,4,3284164,792164,792164,2017,WR,73,209,4.42000000,36.00000000,19.0,126.0,7.01000000,4.00000000,84.0
155,206,Kenny Golladay,4,3196324,718824,718824,2017,WR,76,218,4.50000000,35.50000000,18.0,120.0,7.00000000,4.15000000,96.0
156,202,Shaquill Griffin,4,3258620,758620,758620,2017,CB,72,194,4.38000000,38.50000000,17.0,132.0,6.87000000,4.14000000,90.0
157,243,Nate Hairston,4,2667785,267785,267785,2017,CB,72,196,4.52000000,35.50000000,14.0,118.0,,,158.0
158,144,Charles Harris,4,10843739,10843739,10843739,2017,DE,75,253,4.82000000,32.00000000,21.0,109.0,7.47000000,4.42000000,22.0
159,263,Josh Harvey-Clemons,4,2484306,84306,84306,2017,SS,76,217,,31.50000000,12.0,121.0,,,230.0
160,209,Trey Hendrickson,4,3175788,706288,706288,2017,DE,76,266,4.65000000,33.50000000,,122.0,7.03000000,4.20000000,103.0
161,205,Delano Hill,4,3206726,727476,727476,2017,FS,73,216,4.47000000,33.50000000,17.0,115.0,6.96000000,4.27000000,95.0
162,220,Mack Hollins,4,3035668,635668,635668,2017,WR,76,221,4.53000000,,,,,,118.0
163,137,Malik Hooker,4,12599908,12599908,12599908,2017,FS,73,206,,,,,,,15.0
164,141,O.J. Howard,4,11094618,11094618,11094618,2017,TE,78,251,4.51000000,30.00000000,22.0,121.0,6.85000000,4.16000000,19.0
165,138,Marlon Humphrey,4,11847480,11847480,11847480,2017,CB,72,197,4.41000000,,10.0,125.0,6.75000000,,16.0
166,252,Danny Isidora,4,2601937,201937,201937,2017,OG,75,306,5.03000000,29.00000000,26.0,94.0,8.13000000,4.90000000,180.0
167,140,Adoree Jackson,4,11282783,11282783,11282783,2017,CB,70,186,4.42000000,36.00000000,,122.0,,,18.0
168,217,Rayshawn Jenkins,4,3062209,662209,662209,2017,FS,73,214,4.51000000,37.00000000,19.0,128.0,,,113.0
169,201,John Johnson,4,3258752,757752,757752,2017,FS,73,205,4.61000000,37.00000000,14.0,119.0,6.72000000,4.18000000,91.0
170,214,Jaleel Johnson,4,3078355,678355,678355,2017,DT,75,316,5.38000000,28.00000000,19.0,100.0,7.64000000,4.62000000,109.0
171,158,Zay Jones,4,6779831,3843960,3843960,2017,WR,74,201,4.45000000,36.50000000,15.0,133.0,6.79000000,4.01000000,37.0
172,164,Sidney Jones,4,6140090,3349615,3349615,2017,CB,72,186,4.47000000,33.50000000,,123.0,7.02000000,4.28000000,43.0
173,210,Nazair Jones,4,3175663,706288,706288,2017,DT,77,304,5.11000000,24.50000000,,101.0,7.93000000,4.63000000,102.0
174,259,D.J. Jones,4,2547855,147855,147855,2017,DT,73,319,5.04000000,28.50000000,25.0,108.0,7.73000000,4.65000000,198.0
175,253,Aaron Jones,4,2601937,201937,201937,2017,RB,69,208,4.56000000,37.50000000,16.0,127.0,6.82000000,4.20000000,182.0
176,229,Deatrich Wise Jr.,4,2980560,575880,575880,2017,DE,77,274,4.92000000,33.00000000,22.0,124.0,,,131.0
177,244,Anthony Walker Jr.,4,2665413,265413,265413,2017,ILB,73,238,4.65000000,30.50000000,23.0,116.0,7.23000000,4.34000000,161.0
178,185,Alvin Kamara,4,3857772,972772,972772,2017,RB,70,214,4.56000000,39.50000000,15.0,131.0,,,67.0
179,239,Damontae Kazee,4,2688922,288922,288922,2017,CB,70,184,4.54000000,34.00000000,11.0,124.0,,,149.0
180,155,Kevin King,4,7080884,4676592,4676592,2017,CB,75,200,4.43000000,39.50000000,11.0,,6.56000000,3.89000000,33.0
181,240,Desmond King,4,2679992,279992,279992,2017,FS,70,201,,34.00000000,14.0,117.0,6.67000000,4.18000000,151.0
182,238,George Kittle,4,2698287,298287,298287,2017,TE,76,247,4.52000000,35.00000000,18.0,132.0,,,146.0
183,173,DeShone Kizer,4,4948416,2428776,2428776,2017,QB,76,233,4.83000000,30.50000000,,107.0,7.40000000,4.53000000,52.0
184,178,Tanoh Kpassagnon,4,4321222,1944126,1944126,2017,DE,79,289,4.83000000,30.00000000,23.0,128.0,7.46000000,4.62000000,59.0
185,187,Cooper Kupp,4,3831760,954760,954760,2017,WR,74,204,4.62000000,31.00000000,,116.0,6.75000000,4.08000000,69.0
186,159,Forrest Lamp,4,6666920,3756711,3756711,2017,OG,76,309,5.00000000,27.50000000,34.0,111.0,7.55000000,4.62000000,38.0
187,133,Marshon Lattimore,4,15359563,15359563,15359563,2017,CB,72,193,4.36000000,38.50000000,,132.0,,,11.0
188,218,Carl Lawson,4,3052614,652614,652614,2017,DE,74,261,4.67000000,33.00000000,35.0,114.0,7.46000000,4.19000000,116.0
189,247,Marquel Lee,4,2653693,253693,253693,2017,ILB,75,240,,31.00000000,25.0,118.0,,,168.0
190,203,Jourdan Lewis,4,3248428,753428,753428,2017,CB,70,188,4.54000000,34.50000000,15.0,121.0,,,92.0
191,251,T.J. Logan,4,2601937,201937,201937,2017,RB,69,196,4.37000000,33.50000000,17.0,121.0,,,179.0
192,235,Marlon Mack,4,2819648,419648,419648,2017,RB,71,213,4.50000000,35.50000000,15.0,125.0,,,143.0
193,132,Patrick Mahomes,4,16425786,16425786,16425786,2017,QB,74,225,4.80000000,30.00000000,,114.0,6.88000000,4.08000000,10.0
194,160,Marcus Maye,4,6554039,3669485,3669485,2017,FS,72,210,,,,,,,39.0
195,130,Christian McCaffrey,4,17241304,17241304,17241304,2017,RB,71,202,4.48000000,37.50000000,10.0,121.0,6.57000000,4.22000000,8.0
196,262,Conor McDermott,4,2535018,135018,135018,2017,OT,80,307,5.18000000,28.50000000,,105.0,7.52000000,4.58000000,211.0
197,248,Isaiah McKenzie,4,2635844,235844,235844,2017,WR,67,173,4.42000000,36.00000000,11.0,123.0,6.64000000,4.15000000,172.0
198,148,Takkarist McKinley,4,10216530,7893367,7893367,2017,OLB,74,250,4.59000000,33.00000000,24.0,122.0,7.48000000,4.62000000,26.0
199,174,Raekwon McMillan,4,4697537,3164914,3164914,2017,ILB,74,240,4.61000000,33.00000000,23.0,121.0,7.15000000,4.39000000,54.0
200,245,Matt Milano,4,2661506,261506,261506,2017,OLB,72,223,4.67000000,35.00000000,24.0,126.0,,,163.0
201,197,Fabian Moreau,4,3339392,825392,825392,2017,CB,72,206,4.35000000,38.00000000,,136.0,6.94000000,4.12000000,81.0
202,182,Taylor Moton,4,4158152,2283117,2283117,2017,OT,77,319,5.18000000,30.50000000,23.0,109.0,7.73000000,4.58000000,64.0
203,223,Montae Nicholson,4,3018892,618892,618892,2017,SS,74,212,4.42000000,35.00000000,,125.0,,,123.0
204,151,David Njoku,4,9525095,9525095,9525095,2017,TE,76,246,4.64000000,37.50000000,21.0,133.0,6.97000000,4.34000000,29.0
205,183,Larry Ogunjobi,4,3907264,981564,981564,2017,DE,75,305,4.97000000,32.00000000,26.0,116.0,7.55000000,4.75000000,65.0
206,147,Jabrill Peppers,4,10341989,8001717,8001717,2017,SS,71,213,4.46000000,35.50000000,19.0,128.0,,,25.0
207,177,Ethan Pocic,4,4409031,2011978,2011978,2017,C,78,310,5.15000000,27.00000000,26.0,107.0,7.89000000,4.81000000,58.0
208,154,Ryan Ramczyk,4,8891554,6749070,6749070,2017,OT,78,310,,,25.0,,,,32.0
209,135,Haason Reddick,4,13477966,13477966,13477966,2017,OLB,73,237,4.52000000,36.50000000,24.0,133.0,7.01000000,4.37000000,13.0
210,224,Jalen Reeves-Maybin,4,3018887,618887,618887,2017,OLB,72,230,,,,,,,124.0
211,219,Josh Reynolds,4,3048021,648021,648021,2017,WR,75,194,4.52000000,37.00000000,,124.0,6.83000000,4.13000000,117.0
212,194,Duke Riley,4,3517752,889752,889752,2017,OLB,72,232,4.58000000,34.50000000,18.0,122.0,6.89000000,4.21000000,75.0
213,198,Derek Rivers,4,3304896,802896,802896,2017,DE,76,248,4.61000000,35.00000000,30.0,123.0,6.94000000,4.40000000,83.0
214,156,Cam Robinson,4,7018163,4840674,4840674,2017,OT,78,322,5.15000000,26.00000000,,106.0,7.81000000,4.82000000,34.0
215,131,John Ross,4,17115863,17115863,17115863,2017,WR,71,188,4.22000000,37.00000000,,133.0,,,9.0
216,260,Chase Roullier,4,2547168,147168,147168,2017,C,76,312,5.54000000,26.50000000,19.0,97.0,7.60000000,4.47000000,199.0
217,271,Cooper Rush,3,1670000,5000,5000,2017,QB,75,228,4.93000000,27.00000000,,105.0,7.23000000,4.47000000,
218,161,Curtis Samuel,4,6453683,4056937,4056937,2017,WR,71,196,4.31000000,37.00000000,18.0,119.0,7.09000000,4.33000000,40.0
219,166,Adam Shaheen,4,5910537,3172234,3172234,2017,TE,78,278,4.79000000,32.50000000,24.0,121.0,7.09000000,4.38000000,45.0
220,228,David Sharpe,4,2986415,586415,586415,2017,OT,78,343,5.44000000,20.50000000,19.0,97.0,7.87000000,4.78000000,129.0
221,255,Tanzel Smart,4,2564783,164783,164783,2017,DT,73,296,5.24000000,27.00000000,22.0,105.0,7.53000000,4.57000000,189.0
222,213,Jonnu Smith,4,3106288,706288,706288,2017,TE,75,248,4.62000000,38.00000000,22.0,127.0,,4.18000000,100.0
223,180,JuJu Smith-Schuster,4,4195779,1847192,1847192,2017,WR,73,215,4.54000000,32.50000000,15.0,120.0,,,62.0
224,186,Dawuane Smoot,4,3846263,964160,964160,2017,DE,75,264,4.77000000,29.50000000,,117.0,7.18000000,4.39000000,68.0
225,241,Jeremy Sprinkle,4,2676503,276503,276503,2017,TE,77,252,4.69000000,29.00000000,,116.0,,,154.0
226,204,Cameron Sutton,4,3217128,736128,736128,2017,CB,71,188,4.52000000,34.00000000,11.0,120.0,6.81000000,,94.0
227,231,Ryan Switzer,4,2965987,565987,565987,2017,WR,68,181,4.51000000,32.00000000,11.0,116.0,6.77000000,4.00000000,133.0
228,207,Cordrea Tankersley,4,3176288,706288,706288,2017,CB,73,199,4.40000000,29.50000000,13.0,121.0,7.00000000,4.32000000,97.0
229,249,Trent Taylor,4,2601937,201937,201937,2017,WR,68,181,4.63000000,33.00000000,13.0,117.0,6.74000000,4.01000000,177.0
230,190,Taywan Taylor,4,3681012,916012,916012,2017,WR,71,203,4.50000000,33.50000000,13.0,132.0,6.57000000,4.21000000,72.0
231,256,Sam Tevi,4,2561791,161791,161791,2017,OT,77,311,5.27000000,26.00000000,15.0,107.0,7.84000000,4.60000000,190.0
232,125,Solomon Thomas,4,28154366,28154366,28154366,2017,DE,75,273,4.69000000,35.00000000,30.0,126.0,6.95000000,4.28000000,3.0
233,216,Tedric Thompson,4,3072004,672004,672004,2017,SS,72,204,4.60000000,32.50000000,17.0,117.0,7.11000000,4.36000000,111.0
234,175,Dalvin Tomlinson,4,4572101,2137987,2137987,2017,DT,75,310,5.19000000,27.00000000,,110.0,7.68000000,4.59000000,55.0
235,124,Mitchell Trubisky,4,29032424,29032424,29032424,2017,QB,74,222,4.67000000,27.50000000,,116.0,6.87000000,4.25000000,2.0
236,172,DeMarcus Walker,4,5073859,2525710,2525710,2017,DE,76,280,,,18.0,,,,51.0
237,234,Carlos Watkins,4,2819648,419648,419648,2017,DT,75,309,,,25.0,,,,142.0
238,134,Deshaun Watson,4,13854281,13854281,13854281,2017,QB,74,221,4.66000000,32.50000000,,119.0,6.95000000,4.31000000,12.0
239,152,T.J. Watt,4,9258568,9258568,9258568,2017,OLB,76,252,4.69000000,37.00000000,21.0,128.0,6.79000000,4.13000000,30.0
240,215,Dede Westbrook,4,3076156,676156,676156,2017,WR,72,178,,,,,,,110.0
241,149,TreDavious White,4,10091110,8340050,8340050,2017,CB,71,192,4.47000000,32.00000000,16.0,119.0,6.90000000,4.32000000,27.0
242,129,Mike Williams,4,19749928,19749928,19749928,2017,WR,76,218,,32.50000000,15.0,121.0,,,7.0
243,163,Marcus Williams,4,6240438,3427157,3427157,2017,FS,73,202,4.56000000,43.50000000,14.0,129.0,6.85000000,4.20000000,42.0
244,230,Jamaal Williams,4,2965992,565992,565992,2017,RB,72,212,4.59000000,30.00000000,,123.0,7.25000000,4.53000000,134.0
245,191,Jordan Willis,4,3617400,904400,904400,2017,DE,76,255,4.53000000,39.00000000,24.0,125.0,6.85000000,4.28000000,73.0
246,167,Quincy Wilson,4,5766277,3060759,3060759,2017,CB,73,211,4.54000000,32.00000000,14.0,118.0,6.86000000,4.02000000,46.0
247,184,Ahkello Witherspoon,4,3884665,973572,973572,2017,CB,75,198,4.45000000,40.50000000,,127.0,6.93000000,4.13000000,66.0
248,257,Xavier Woods,4,2559888,159888,159888,2017,SS,71,197,4.54000000,33.50000000,19.0,122.0,6.72000000,4.13000000,191.0
249,192,Chris Wormley,4,3559643,898643,898643,2017,DT,77,298,,,23.0,,,,74.0
250,324,Dante Pettis,4,6400558,3505885,3505885,2018,WR,72,186,,,,,,,44.0
251,332,Kemoko Turay,4,5218401,2592401,2592401,2018,EDGE,77,253,4.65000000,,,,,,52.0
252,478,Ola Adeniyi,3,1725000,15000,15000,2018,EDGE,74,248,4.83000000,31.50000000,26.0,,7.21000000,4.28000000,
253,378,Jordan Akins,4,3325085,761520,761520,2018,TE,75,249,,,,,,,98.0
254,298,Jaire Alexander,4,12050687,12050687,12050687,2018,CB,71,192,4.38000000,35.00000000,14.0,127.0,6.71000000,3.98000000,18.0
255,387,Brian Allen,4,3146936,686936,686936,2018,C,73,298,5.34000000,26.50000000,27.0,99.0,7.81000000,4.71000000,111.0
256,287,Josh Allen,4,21183038,21183038,21183038,2018,QB,77,237,4.75000000,33.50000000,,119.0,6.90000000,4.40000000,7.0
257,365,Mark Andrews,4,3453160,836660,836660,2018,TE,77,256,4.67000000,31.00000000,17.0,113.0,7.34000000,4.38000000,86.0
258,386,Troy Apke,4,3163635,703635,703635,2018,S,74,198,4.34000000,41.00000000,16.0,131.0,6.56000000,4.03000000,109.0
259,391,Dorance Armstrong,4,3129996,669996,669996,2018,EDGE,76,257,4.87000000,30.00000000,20.0,118.0,7.12000000,4.23000000,
260,393,Anthony Averett,4,3120997,660997,660997,2018,CB,72,185,4.36000000,31.50000000,13.0,119.0,6.93000000,4.40000000,118.0
261,421,Genard Avery,4,2748947,288947,288947,2018,ILB,73,248,4.59000000,36.00000000,26.0,124.0,6.90000000,4.36000000,150.0
262,355,Jerome Baker,4,3809200,975200,975200,2018,OLB,73,229,4.53000000,36.50000000,22.0,126.0,,,73.0
263,405,Kalen Ballage,4,3049181,589181,589181,2018,RB,73,228,4.46000000,33.50000000,15.0,122.0,6.91000000,4.35000000,131.0
264,282,Saquon Barkley,4,31194751,31194751,31194751,2018,RB,72,233,4.40000000,41.00000000,29.0,,,4.24000000,2.0
265,334,Jessie Bates,4,4947814,2383311,2383311,2018,S,74,195,4.50000000,35.50000000,,117.0,6.78000000,4.26000000,
266,465,Nick Bawden,4,2544204,84204,84204,2018,FB,74,245,,,,,,,237.0
267,456,Braxton Berrios,4,2578408,118408,118408,2018,WR,69,184,,,11.0,,,,210.0
268,363,Orlando Brown,4,3491720,865720,865720,2018,OT,80,345,5.85000000,19.50000000,14.0,82.0,7.87000000,5.38000000,83.0
269,511,Tony Brown,3,1710000,0,0,2018,CB,72,198,4.35000000,31.50000000,14.0,126.0,6.78000000,4.11000000,
270,451,Equanimeous St. Brown,4,2578408,118408,118408,2018,WR,77,214,4.48000000,,20.0,,,,207.0
271,309,Taven Bryan,4,10154958,8515076,8515076,2018,DT,76,291,4.98000000,35.00000000,30.0,119.0,7.12000000,4.48000000,29.0
272,368,Oren Burks,4,3431555,820756,820756,2018,OLB,75,233,4.59000000,39.50000000,18.0,131.0,6.82000000,4.15000000,88.0
273,373,Alex Cappa,4,3368704,793704,793704,2018,OT,78,305,5.39000000,26.50000000,24.0,97.0,8.04000000,4.84000000,94.0
274,346,Lorenzo Carter,4,4083482,1049804,1049804,2018,EDGE,78,250,4.50000000,36.00000000,,130.0,,,66.0
275,341,D.J. Chark,4,4447229,1779732,1779732,2018,WR,75,199,4.34000000,40.00000000,16.0,129.0,,,
276,356,Geron Christian,4,3746992,968992,968992,2018,OT,77,298,5.33000000,,19.0,,,,74.0
277,285,Bradley Chubb,4,27271241,27271241,27271241,2018,DE,76,269,4.65000000,36.00000000,24.0,121.0,7.37000000,4.41000000,5.0
278,315,Nick Chubb,4,7383095,5896309,5896309,2018,RB,71,227,4.52000000,38.50000000,29.0,128.0,7.09000000,4.25000000,35.0
279,448,Jack Cichy,4,2605377,145377,145377,2018,ILB,74,238,,,18.0,,,,202.0
280,472,Will Clapp,4,2533140,73140,73140,2018,C,76,311,5.39000000,29.00000000,25.0,97.0,8.04000000,4.92000000,245.0
281,377,Mason Cole,4,3325516,761516,761516,2018,C,76,307,5.23000000,23.50000000,23.0,104.0,7.77000000,4.78000000,97.0
282,427,Tyler Conklin,4,2741031,281031,281031,2018,TE,75,254,4.80000000,38.00000000,18.0,120.0,7.13000000,4.23000000,157.0
283,313,Austin Corbett,4,7568000,5234718,5234718,2018,OG,76,306,5.15000000,28.00000000,19.0,106.0,7.87000000,4.50000000,33.0
284,382,Keke Coutee,4,3189026,729026,729026,2018,WR,70,181,4.43000000,34.50000000,14.0,113.0,6.93000000,4.15000000,103.0
285,423,Tyrell Crosby,4,2747683,287683,287683,2018,OT,77,309,5.23000000,30.00000000,17.0,105.0,7.89000000,4.77000000,153.0
286,422,Dane Cruikshank,4,2747894,287894,287894,2018,S,73,206,4.41000000,38.50000000,25.0,121.0,6.89000000,4.24000000,152.0
287,319,James Daniels,4,6950160,3930578,3930578,2018,C,75,306,,30.50000000,21.0,108.0,7.29000000,4.40000000,39.0
288,283,Sam Darnold,4,30247715,30247715,30247715,2018,QB,75,221,4.85000000,26.50000000,,105.0,6.96000000,4.40000000,3.0
289,294,Marcus Davenport,4,13741895,13741895,13741895,2018,DE,78,264,4.58000000,33.50000000,22.0,124.0,7.20000000,4.41000000,14.0
290,343,Carlton Davis,4,4393113,2434679,2434679,2018,CB,73,203,4.53000000,34.00000000,16.0,124.0,,,63.0
291,336,Duke Dawson,4,4744875,2226494,2226494,2018,CB,70,208,4.46000000,,15.0,,,,56.0
292,420,Michael Dickson,4,2750151,290151,290151,2018,P,74,208,,,,,,,149.0
293,395,Will Dissly,4,3110270,650270,650270,2018,TE,76,262,4.87000000,28.00000000,15.0,111.0,7.07000000,4.40000000,120.0
294,407,Chase Edmonds,4,2912359,452359,452359,2018,RB,69,205,4.55000000,34.00000000,19.0,122.0,6.79000000,4.07000000,134.0
295,308,Terrell Edmunds,4,10697789,8278999,8278999,2018,S,74,220,4.47000000,41.50000000,,134.0,,,28.0
296,296,Tremaine Edmunds,4,12659544,12659544,12659544,2018,LB,77,253,4.54000000,,19.0,117.0,,,16.0
297,443,Deshon Elliott,4,2617795,157795,157795,2018,S,74,205,4.58000000,36.00000000,15.0,121.0,,,190.0
298,299,Leighton Vander Esch,4,11847781,11847781,11847781,2018,ILB,76,256,4.65000000,39.50000000,20.0,124.0,6.88000000,4.15000000,19.0
299,302,Rashaan Evans,4,11577193,11577193,11577193,2018,LB,75,232,,30.00000000,,116.0,6.95000000,4.36000000,22.0
300,485,Brandon Facyson,3,1720000,10000,10000,2018,CB,74,197,4.53000000,,16.0,,,,
301,441,Foley Fatukasi,4,2634253,174253,174253,2018,DT,76,318,5.29000000,30.00000000,33.0,112.0,7.44000000,4.53000000,
302,291,Minkah Fitzpatrick,4,16447773,16447773,16447773,2018,DB,73,201,4.46000000,33.00000000,14.0,121.0,,,11.0
303,418,Tre Flowers,4,2758729,298729,298729,2018,S,75,200,4.45000000,34.50000000,18.0,122.0,,,146.0
304,352,Royce Freeman,4,3940020,997020,997020,2018,RB,71,229,4.54000000,34.00000000,17.0,118.0,6.90000000,4.16000000,71.0
305,426,Troy Fumagalli,4,2741802,281802,281802,2018,TE,77,247,,,14.0,,,,156.0
306,361,Michael Gallup,4,3523980,889980,889980,2018,WR,73,205,4.51000000,36.00000000,10.0,122.0,6.95000000,4.37000000,81.0
307,495,Nick Gates,3,1715000,5000,5000,2018,OT,77,307,5.46000000,24.00000000,20.0,94.0,7.61000000,4.68000000,
308,322,Mike Gesicki,4,6611924,3669214,3669214,2018,TE,77,247,4.54000000,41.50000000,22.0,129.0,6.76000000,4.10000000,42.0
309,329,Dallas Goedert,4,5624271,2906028,2906028,2018,TE,77,256,,,23.0,,,,49.0
310,359,Rasheem Green,4,3572556,912556,912556,2018,DE,77,275,4.73000000,32.50000000,,118.0,7.24000000,4.39000000,79.0
311,413,Shaquem Griffin,4,2777619,317619,317619,2018,OLB,73,227,4.38000000,,20.0,117.0,,,141.0
312,339,Derrius Guice,4,4541933,1993224,1993224,2018,RB,70,224,4.49000000,31.50000000,15.0,,,,59.0
313,388,Daesean Hamilton,4,3142638,682638,682638,2018,WR,73,203,,34.50000000,,118.0,6.84000000,4.15000000,113.0
314,446,Shaun dion Hamilton,4,2613010,153010,153010,2018,ILB,72,228,,,20.0,,,,197.0
315,389,Dashawn Hand,4,3141964,681964,681964,2018,DE,76,297,4.83000000,31.50000000,28.0,111.0,7.98000000,4.62000000,
316,372,Ronnie Harrison,4,3388032,803032,803032,2018,S,75,214,,34.00000000,,120.0,,,93.0
317,408,Marquis Haynes,4,2912359,452359,452359,2018,EDGE,75,235,4.67000000,32.00000000,23.0,123.0,7.14000000,4.45000000,136.0
318,314,Will Hernandez,4,7450744,5088297,5088297,2018,OG,74,327,5.15000000,24.00000000,37.0,104.0,7.59000000,4.70000000,34.0
319,385,Chris Herndon,4,3171364,711364,711364,2018,TE,76,253,,,21.0,,,,
320,350,B.J. Hill,4,4047880,1029516,1029516,2018,DT,76,311,4.99000000,26.50000000,35.0,101.0,7.28000000,4.53000000,69.0
321,479,Holton Hill,3,1725000,75000,75000,2018,CB,75,200,4.49000000,31.00000000,14.0,120.0,6.83000000,4.15000000,
322,383,Nyheim Hines,4,3184547,724547,724547,2018,RB,68,198,4.38000000,35.50000000,,119.0,7.18000000,4.35000000,104.0
323,381,Jalyn Holmes,4,3191398,731398,731398,2018,DE,77,283,4.82000000,32.00000000,25.0,,,,102.0
324,358,Sam Hubbard,4,3619200,929200,929200,2018,DE,77,270,,35.00000000,,116.0,6.84000000,4.32000000,77.0
325,310,Mike Hughes,4,9867484,8209918,8209918,2018,CB,71,191,4.53000000,35.50000000,20.0,127.0,6.70000000,4.13000000,30.0
326,305,Hayden Hurst,4,11036026,8571114,8571114,2018,TE,76,250,4.67000000,31.50000000,,120.0,7.19000000,4.37000000,25.0
327,412,Maurice Hurst,4,2779046,319046,319046,2018,DT,74,292,,,,,,,
328,390,Joel Iyiegbuniwe,4,3138574,678574,678574,2018,LB,73,229,4.60000000,35.00000000,19.0,117.0,7.06000000,4.28000000,115.0
329,474,Ryan Izzo,4,2529070,69070,69070,2018,TE,77,256,4.94000000,33.00000000,18.0,110.0,7.15000000,4.43000000,250.0
330,335,Donte Jackson,4,4812524,2278768,2278768,2018,CB,71,175,4.32000000,,7.0,124.0,,,55.0
331,487,J.C. Jackson,3,1720000,10000,10000,2018,CB,71,193,4.46000000,35.50000000,14.0,120.0,,,
332,325,Josh Jackson,4,6256100,3874260,3874260,2018,CB,73,192,4.56000000,38.00000000,18.0,123.0,6.86000000,4.03000000,45.0
333,312,Lamar Jackson,4,9471648,7575059,7575059,2018,QB,74,216,,,,,,,32.0
334,461,Leon Jacobs,4,2550681,90681,90681,2018,EDGE,75,246,4.48000000,34.50000000,26.0,122.0,7.14000000,4.44000000,230.0
335,431,Natrell Jamerson,4,2725621,265621,265621,2018,S,72,198,4.40000000,35.50000000,25.0,120.0,,,164.0
336,297,Derwin James,4,12388956,12388956,12388956,2018,S,75,215,4.47000000,40.00000000,21.0,132.0,,,17.0
337,468,Richie James,4,2536571,76571,76571,2018,WR,70,183,4.48000000,35.50000000,6.0,122.0,6.87000000,4.16000000,
338,384,Josey Jewell,4,3173982,713982,713982,2018,ILB,73,234,4.82000000,33.00000000,18.0,117.0,6.80000000,4.27000000,106.0
339,486,Danny Johnson,3,1720000,10000,10000,2018,CB,70,185,4.44000000,35.00000000,15.0,123.0,,,
340,323,Kerryon Johnson,4,6503691,3585579,3585579,2018,RB,71,213,,40.00000000,11.0,126.0,7.07000000,4.29000000,43.0
341,396,Taron Johnson,4,3106068,646068,646068,2018,CB,72,180,4.50000000,33.00000000,17.0,118.0,7.03000000,4.28000000,121.0
342,434,Jamarco Jones,4,2705003,245003,245003,2018,OT,76,299,5.50000000,24.00000000,,102.0,8.32000000,4.99000000,168.0
343,364,Justin Jones,4,3471621,854140,854140,2018,DT,74,309,5.09000000,29.00000000,24.0,104.0,7.82000000,4.74000000,84.0
344,318,Ronald Jones,4,7071908,4504656,4504656,2018,RB,71,205,4.65000000,36.50000000,,,,,
345,453,Peter Kalambayi,4,2578408,118408,118408,2018,EDGE,75,252,4.57000000,34.00000000,19.0,121.0,7.13000000,4.36000000,214.0
346,367,Arden Key,4,3439421,826376,826376,2018,EDGE,78,238,,31.00000000,,117.0,7.16000000,4.25000000,87.0
347,327,Christian Kirk,4,5894867,3595124,3595124,2018,WR,70,201,4.47000000,35.50000000,20.0,115.0,7.09000000,4.45000000,47.0
348,419,Micah Kiser,4,2757977,297977,297977,2018,ILB,74,238,4.66000000,35.50000000,,121.0,7.05000000,4.24000000,147.0
349,321,Harold Landry,4,6733688,4243305,4243305,2018,EDGE,75,252,4.64000000,36.00000000,24.0,119.0,6.88000000,4.19000000,41.0
350,316,Darius Leonard,4,7247805,4160577,4160577,2018,OLB,74,234,4.70000000,,17.0,,,,36.0
351,344,Tyquan Lewis,4,4366055,1933770,1933770,2018,EDGE,75,265,,35.50000000,,122.0,,,64.0
352,400,Avonte Maddox,4,3085914,625914,625914,2018,CB,69,180,4.39000000,37.00000000,13.0,125.0,6.51000000,4.00000000,125.0
353,410,Cole Madison,4,2784331,324331,324331,2018,OL,77,308,5.33000000,28.50000000,26.0,97.0,7.86000000,4.88000000,138.0
354,497,Hercules Mata'afa,3,1714000,19000,19000,2018,EDGE,73,254,4.76000000,31.50000000,26.0,108.0,7.24000000,4.37000000,
355,281,Baker Mayfield,4,32682980,32682980,32682980,2018,QB,73,215,4.84000000,29.00000000,,111.0,7.00000000,4.28000000,1.0
356,289,Mike McGlinchey,4,18341721,18341721,18341721,2018,OT,80,309,,28.50000000,24.0,105.0,,,9.0
357,411,R.J. McIntosh,4,2781472,321472,321472,2018,DT,76,286,,,,,,,139.0
358,311,Sony Michel,4,9626695,8389710,8389710,2018,RB,71,214,4.54000000,,22.0,,,4.21000000,31.0
359,331,Anthony Miller,4,5353700,2696950,2696950,2018,WR,71,201,,,22.0,,,,51.0
360,295,Kolton Miller,4,13471324,13471324,13471324,2018,OT,81,309,4.95000000,31.50000000,24.0,121.0,7.34000000,4.49000000,15.0
361,304,D.J. Moore,4,11171316,10390810,10390810,2018,WR,72,210,4.42000000,39.50000000,15.0,132.0,6.95000000,4.07000000,24.0
362,424,Siran Neal,4,2746016,286016,286016,2018,S,72,199,4.56000000,40.50000000,17.0,122.0,7.00000000,4.28000000,154.0
363,286,Quenton Nelson,4,23888907,23888907,23888907,2018,OG,77,325,,26.50000000,35.0,105.0,7.65000000,4.62000000,6.0
364,417,Bilal Nichols,4,2759482,299482,299482,2018,DT,76,306,4.95000000,,29.0,,,,145.0
365,357,Derrick Nnadi,4,3745600,959400,959400,2018,DT,73,317,5.38000000,27.00000000,25.0,96.0,8.15000000,5.02000000,75.0
366,366,Joseph Noteboom,4,3452043,818892,818892,2018,OT,77,309,4.96000000,24.00000000,27.0,102.0,7.65000000,4.44000000,89.0
367,328,Uchenna Nwosu,4,5759577,3010582,3010582,2018,EDGE,75,251,4.65000000,32.00000000,20.0,119.0,,,48.0
368,375,Dorian O'Daniel,4,3346341,761516,761516,2018,OLB,73,223,4.61000000,32.00000000,21.0,119.0,6.64000000,4.07000000,100.0
369,342,Brian O'Neill,4,4406638,1665593,1665593,2018,OT,79,297,4.82000000,29.50000000,22.0,107.0,7.14000000,4.50000000,62.0
370,371,Chukwuma Okorafor,4,3407364,812364,812364,2018,OT,78,320,5.31000000,23.50000000,19.0,102.0,7.87000000,4.80000000,92.0
371,428,Ogbonnia Okoronkwo,4,2734536,274536,274536,2018,EDGE,73,253,4.77000000,38.00000000,27.0,121.0,,,160.0
372,338,Isaiah Oliver,4,4636643,2142861,2142861,2018,CB,73,190,4.50000000,,,,,,58.0
373,345,Brandon Parker,4,4095336,1058424,1058424,2018,OT,80,305,5.40000000,28.50000000,,113.0,7.82000000,4.68000000,65.0
374,293,Daron Payne,4,14418360,14418360,14418360,2018,DT,74,311,4.95000000,28.50000000,27.0,107.0,7.58000000,4.71000000,
375,307,Rashaad Penny,4,10765438,9796099,9796099,2018,RB,71,220,4.46000000,32.50000000,13.0,120.0,,,27.0
376,436,Darius Phillips,4,2677553,217553,217553,2018,CB,70,190,4.54000000,,,,,,170.0
377,376,Harrison Phillips,4,3342040,775040,775040,2018,DT,76,307,5.21000000,32.00000000,42.0,103.0,7.28000000,4.50000000,96.0
378,301,Billy Price,4,11712491,9155333,9155333,2018,C,76,305,,,,,,,21.0
379,425,Scott Quessenberry,4,2744252,284252,284252,2018,C,76,310,5.09000000,33.50000000,25.0,111.0,7.50000000,4.69000000,155.0
380,476,Trey Quinn,4,2529070,69070,69070,2018,WR,71,203,4.55000000,33.50000000,17.0,116.0,6.91000000,4.19000000,256.0
381,300,Frank Ragnow,4,11780140,9213758,9213758,2018,C,77,312,,,26.0,,,,20.0
382,360,Martinas Rankin,4,3546268,901268,901268,2018,OL,76,308,,,24.0,,,,80.0
383,414,D.J. Reed,4,2771371,311371,311371,2018,CB,69,188,4.51000000,36.50000000,11.0,,,,142.0
384,349,Justin Reid,4,4063423,1039656,1039656,2018,S,73,204,4.40000000,36.50000000,16.0,128.0,6.65000000,4.15000000,68.0
385,403,Will Richardson,4,3062792,602792,602792,2018,OT,78,306,5.26000000,31.50000000,,108.0,7.80000000,4.83000000,129.0
386,306,Calvin Ridley,4,10900711,8454251,8454251,2018,WR,72,189,4.43000000,31.00000000,15.0,110.0,6.88000000,4.41000000,26.0
387,290,Josh Rosen,4,17597756,17597756,17597756,2018,QB,76,226,4.92000000,31.00000000,,111.0,7.09000000,4.28000000,10.0
388,353,Mason Rudolph,4,3921886,932264,932264,2018,QB,77,235,4.90000000,26.00000000,,,,,76.0
389,432,Jaylen Samuels,4,2718066,258066,258066,2018,TE,71,225,4.54000000,34.50000000,18.0,121.0,6.93000000,4.28000000,165.0
390,409,Dalton Schultz,4,2912359,452359,452359,2018,TE,77,244,4.75000000,32.00000000,15.0,120.0,7.00000000,4.40000000,137.0
391,406,Jaleel Scott,4,3040381,580381,580381,2018,WR,77,218,4.56000000,34.50000000,16.0,124.0,7.20000000,4.40000000,132.0
392,437,JK Scott,4,2677553,217553,217553,2018,P,78,208,4.83000000,30.50000000,,114.0,7.28000000,4.41000000,172.0
393,369,Deadrin Senat,4,3422960,817960,817960,2018,DT,72,314,5.16000000,26.00000000,35.0,100.0,7.77000000,4.79000000,90.0
394,455,Greg Senat,4,2578408,118408,118408,2018,OT,78,302,5.38000000,26.00000000,19.0,106.0,7.41000000,4.71000000,212.0
395,430,Tim Settle,4,2728041,268041,268041,2018,DT,75,329,5.37000000,23.50000000,,96.0,7.95000000,4.83000000,163.0
396,354,Nathan Shepherd,4,3875724,987724,987724,2018,DT,77,315,5.09000000,31.00000000,,112.0,7.50000000,4.53000000,72.0
397,463,Andre Smith,4,2549056,89056,89056,2018,ILB,72,237,4.63000000,,19.0,,,,234.0
398,317,Braden Smith,4,7193690,4118760,4118760,2018,OG,78,315,5.22000000,33.50000000,35.0,113.0,,4.77000000,37.0
399,288,Roquan Smith,4,18477168,18477168,18477168,2018,OLB,73,236,4.51000000,,,,,,8.0
400,370,Trequan Smith,4,3420524,817024,817024,2018,WR,74,203,4.49000000,37.50000000,12.0,130.0,6.97000000,4.50000000,
401,398,Durham Smythe,4,3092235,632235,632235,2018,TE,77,253,4.81000000,31.00000000,18.0,110.0,7.17000000,4.23000000,123.0
402,326,Breeland Speaks,4,6100512,3754032,3754032,2018,DT,75,283,4.87000000,32.50000000,,110.0,7.63000000,4.65000000,46.0
403,333,M.J. Stewart,4,5083112,2487860,2487860,2018,CB,71,200,4.54000000,35.00000000,18.0,118.0,6.90000000,4.28000000,53.0
404,402,Kentavius Street,4,3070202,610202,610202,2018,DE,74,280,4.87000000,,28.0,,,,128.0
405,469,Greg Stroman,4,2535776,75776,75776,2018,CB,72,180,4.48000000,33.50000000,16.0,113.0,,4.45000000,241.0
406,320,Courtland Sutton,4,6841920,3846938,3846938,2018,WR,75,218,4.54000000,35.50000000,18.0,124.0,6.57000000,4.11000000,40.0
407,404,Josh Sweat,4,3057591,597591,597591,2018,EDGE,76,251,4.53000000,39.50000000,,124.0,,4.28000000,130.0
408,433,Wyatt Teller,4,2714123,254123,254123,2018,OG,76,314,5.24000000,29.00000000,30.0,114.0,7.45000000,4.84000000,166.0
409,348,Chad Thomas,4,4081617,1048940,1048940,2018,DE,78,281,4.92000000,29.00000000,,116.0,,,67.0
410,380,Ian Thomas,4,3207994,747994,747994,2018,TE,76,259,4.74000000,36.00000000,,123.0,7.15000000,4.20000000,101.0
411,452,Jordan Thomas,4,2578408,118408,118408,2018,CB,72,186,4.64000000,38.00000000,4.0,124.0,6.28000000,3.94000000,
412,452,Jordan Thomas,4,2578408,118408,118408,2018,TE,77,265,4.74000000,27.00000000,16.0,111.0,7.50000000,4.75000000,211.0
413,482,Kevin Toliver,3,1725000,15000,15000,2018,CB,75,204,,33.00000000,10.0,120.0,,,
414,438,Marquez Valdes-Scantling,4,2677553,217553,217553,2018,WR,76,206,4.37000000,30.50000000,15.0,124.0,,,174.0
415,292,Vita Vea,4,14824238,14824238,14824238,2018,DT,76,347,5.10000000,,41.0,,,,12.0
416,284,Denzel Ward,4,29165356,29165356,29165356,2018,CB,70,191,4.32000000,39.00000000,16.0,136.0,,,4.0
417,351,Fred Warner,4,3979325,1010188,1010188,2018,OLB,75,236,4.64000000,38.50000000,21.0,119.0,6.90000000,4.28000000,70.0
418,340,James Washington,4,4501345,1903706,1903706,2018,WR,71,213,4.54000000,34.50000000,14.0,120.0,7.11000000,4.32000000,60.0
419,399,Armani Watts,4,3092235,632235,632235,2018,S,71,205,,35.00000000,13.0,120.0,7.25000000,4.37000000,124.0
420,394,Kyzir White,4,3114441,654441,654441,2018,S,74,216,,35.50000000,21.0,113.0,,,119.0
421,392,Jordan Whitehead,4,3127257,667257,667257,2018,S,71,195,,,21.0,,,,117.0
422,435,Jordan Wilkins,4,2701241,241241,241241,2018,RB,73,216,,36.00000000,16.0,117.0,,4.27000000,169.0
423,330,Connor Williams,4,5488989,2801492,2801492,2018,OT,77,296,5.05000000,34.00000000,26.0,112.0,7.83000000,4.63000000,50.0
424,481,Darrel Williams,3,1725000,30000,30000,2018,RB,72,225,4.72000000,32.00000000,22.0,109.0,,4.21000000,
425,459,Javon Wims,4,2555912,95912,95912,2018,WR,75,215,4.53000000,33.50000000,,113.0,7.00000000,,224.0
426,303,Isaiah Wynn,4,11441903,11441903,11441903,2018,OG,75,313,,,,,,,23.0
427,379,Isaac Yiadom,4,3323266,761516,761516,2018,CB,73,190,4.52000000,,8.0,120.0,,4.18000000,99.0
428,397,Kenny Young,4,3099904,639904,639904,2018,ILB,73,236,4.60000000,36.00000000,23.0,117.0,7.38000000,4.48000000,122.0
429,542,Johnathan Abram,4,11495194,10252667,10252667,2019,S,71,205,4.45000000,,,116.0,,,27.0
430,575,Nasir Adderley,4,4732112,2171632,2171632,2019,S,72,206,,,,,,,
431,748,Azeez Al-Shaair,3,1770000,65000,65000,2019,LB,73,234,,,16.0,,,,
432,762,Otaro Alaka,3,1765000,50000,50000,2019,LB,75,239,4.82000000,36.00000000,20.0,131.0,,,
433,521,Josh Allen,4,22742638,22742638,22742638,2019,EDGE,77,262,4.63000000,,28.0,118.0,7.15000000,4.23000000,7.0
434,580,Zach Allen,4,4293762,1142736,1142736,2019,DL,76,281,5.00000000,32.00000000,24.0,112.0,7.34000000,4.36000000,65.0
435,646,Ugo Amadi,4,3165196,645196,645196,2019,S,69,199,4.51000000,32.50000000,18.0,115.0,7.21000000,4.19000000,
436,717,Rodney Anderson,4,2647353,127356,127356,2019,RB,72,224,,,25.0,,,,211.0
437,572,J.J. Arcega-Whiteside,4,4942729,2334382,2334382,2019,WR,74,225,,,,,,,57.0
438,654,Ryquell Armstead,4,2865756,345756,345756,2019,RB,71,220,4.45000000,30.00000000,22.0,114.0,7.02000000,4.29000000,140.0
439,704,Blessuan Austin,4,2682972,162972,162972,2019,CB,73,198,,,15.0,,,,196.0
440,677,Jake Bailey,4,2808980,288980,288980,2019,P,73,200,4.72000000,33.00000000,,117.0,,,163.0
441,743,Zack Bailey,3,1777500,45000,45000,2019,OL,77,299,,28.00000000,24.0,103.0,,,
442,545,Deandre Baker,4,10525716,9007390,9007390,2019,CB,71,193,4.52000000,,14.0,118.0,,,30.0
443,690,Corey Ballentine,4,2705208,185208,185208,2019,CB,71,196,4.47000000,39.50000000,15.0,135.0,6.82000000,4.14000000,
444,564,Ben Banogu,4,5944506,3108481,3108481,2019,EDGE,75,250,4.62000000,40.00000000,23.0,134.0,7.02000000,4.27000000,49.0
445,603,Cody Barton,4,3626124,884124,884124,2019,LB,74,237,4.64000000,32.50000000,30.0,116.0,6.90000000,4.03000000,88.0
446,820,Ryan Bates,3,1755000,0,0,2019,OL,76,306,5.09000000,27.00000000,28.0,102.0,7.45000000,4.53000000,
447,816,Beau Benzschawel,3,1755000,0,0,2019,OL,78,309,5.24000000,,20.0,,,,
448,562,Marquise Blair,4,6236648,3334228,3334228,2019,S,73,195,4.48000000,35.00000000,,125.0,,,47.0
449,516,Nick Bosa,4,33551865,33551865,33551865,2019,DL,76,266,4.79000000,33.50000000,29.0,116.0,7.10000000,4.14000000,2.0
450,720,Kris Boyd,4,2629257,109257,109257,2019,CB,71,201,4.45000000,36.50000000,19.0,127.0,6.94000000,4.08000000,217.0
451,608,Miles Boykin,4,3574928,856928,856928,2019,WR,76,220,4.42000000,43.50000000,12.0,140.0,6.77000000,4.07000000,93.0
452,533,Garrett Bradbury,4,12882870,12882870,12882870,2019,OL,75,306,4.92000000,31.00000000,34.0,104.0,7.41000000,4.53000000,18.0
453,739,Jordan Brailford,4,2594576,74576,74576,2019,EDGE,75,252,4.65000000,37.50000000,22.0,126.0,,,253.0
454,566,A.J. Brown,4,5652368,2882738,2882738,2019,WR,72,226,4.49000000,36.50000000,19.0,120.0,,,51.0
455,540,Marquise Brown,4,11787340,11094976,11094976,2019,WR,69,166,,,,,,,25.0
456,631,Austin Bryant,4,3249836,729836,729836,2019,EDGE,76,271,,,,,,,117.0
457,699,Isaiah Buggs,4,2688632,168632,168632,2019,DL,75,306,5.15000000,24.50000000,20.0,96.0,8.01000000,4.83000000,192.0
458,553,Sean Bunting,4,7375998,4214633,4214633,2019,CB,72,195,4.42000000,41.50000000,14.0,126.0,,,39.0
459,531,Brian Burns,4,13540182,13540182,13540182,2019,EDGE,77,249,4.53000000,36.00000000,,129.0,7.01000000,,16.0
460,657,Ben Burr-Kirven,4,2861613,341613,341613,2019,LB,72,230,4.56000000,34.50000000,21.0,121.0,6.85000000,4.09000000,142.0
461,525,Devin Bush,4,18871765,18871765,18871765,2019,LB,71,234,4.43000000,40.50000000,21.0,124.0,6.93000000,4.23000000,10.0
462,617,Hakeem Butler,4,3324499,804504,804504,2019,WR,77,227,4.48000000,36.00000000,18.0,128.0,,,103.0
463,613,Yodny Cajuste,4,3482180,822180,822180,2019,OT,77,312,,,32.0,,,,101.0
464,770,Deion Calhoun,3,1765000,10000,10000,2019,OL,74,310,5.07000000,28.50000000,26.0,105.0,7.46000000,4.62000000,
465,574,Parris Campbell,4,4775936,2205496,2205496,2019,WR,72,205,4.31000000,40.00000000,11.0,135.0,,4.03000000,59.0
466,672,Blake Cashman,4,2823092,303092,303092,2019,LB,73,237,4.50000000,37.50000000,18.0,124.0,6.95000000,4.12000000,157.0
467,713,Demarcus Christmas,4,2647840,127840,127840,2019,DL,75,294,5.08000000,25.50000000,22.0,101.0,8.13000000,5.07000000,209.0
468,544,L.J. Collier,4,10836078,9354756,9354756,2019,DL,74,283,4.91000000,30.00000000,25.0,118.0,7.71000000,4.78000000,
469,649,John Cominsky,4,3008392,488392,488392,2019,DL,77,286,4.69000000,33.50000000,22.0,116.0,7.03000000,4.38000000,
470,658,Ryan Connelly,4,2854892,334892,334892,2019,LB,74,242,4.66000000,34.50000000,,118.0,7.09000000,4.31000000,143.0
471,673,Byron Cowart,4,2819444,299445,299445,2019,DL,75,298,5.16000000,30.00000000,26.0,111.0,,,159.0
472,620,Maxx Crosby,4,3302264,782264,782264,2019,DL,77,255,4.66000000,36.00000000,,122.0,6.89000000,4.13000000,106.0
473,718,Dennis Daley,4,2647352,127352,127352,2019,OT,77,317,5.23000000,26.50000000,20.0,103.0,7.95000000,4.92000000,212.0
474,791,Felton Davis,3,1760000,5000,5000,2019,WR,75,211,,,21.0,,,,
475,597,Nate Davis,4,3700180,934680,934680,2019,OL,75,316,5.23000000,26.00000000,23.0,107.0,7.94000000,4.83000000,82.0
476,609,Jamel Dean,4,3558852,846852,846852,2019,CB,73,206,4.30000000,41.00000000,16.0,130.0,7.02000000,4.19000000,94.0
477,593,Michael Deiter,4,3814248,985248,985248,2019,OL,77,309,5.23000000,28.00000000,21.0,105.0,7.88000000,4.81000000,78.0
478,537,Andre Dillard,4,12370584,12370584,12370584,2019,OT,77,315,4.96000000,29.00000000,24.0,118.0,7.44000000,4.40000000,22.0
479,805,D'Cota Dixon,3,1756000,1000,1000,2019,S,70,204,4.81000000,33.50000000,20.0,119.0,,,
480,607,Chuma Edoga,4,3587000,867000,867000,2019,OT,75,308,5.19000000,,21.0,,,,92.0
481,681,David Edwards,4,2784520,264520,264520,2019,OT,78,308,5.28000000,25.50000000,,99.0,7.69000000,4.77000000,169.0
482,616,Mike Edwards,4,3409990,822180,822180,2019,S,70,205,,,,,,,99.0
483,757,T.J. Edwards,3,1767500,12500,12500,2019,LB,72,230,,,16.0,,,,
484,707,Emeke Egbule,4,2676364,156364,156364,2019,LB,74,245,4.65000000,33.00000000,20.0,119.0,7.38000000,4.38000000,200.0
485,611,Bobby Evans,4,3513891,822180,822180,2019,OT,76,312,5.20000000,,22.0,,,,97.0
486,535,Noah Fant,4,12590721,9883805,9883805,2019,TE,76,249,4.50000000,39.50000000,20.0,127.0,6.81000000,4.22000000,20.0
487,708,Rashad Fenton,4,2672820,152820,152820,2019,CB,71,193,4.52000000,34.00000000,12.0,117.0,,4.25000000,201.0
488,518,Clelin Ferrell,4,31360816,31360816,31360816,2019,EDGE,76,264,,,25.0,,7.26000000,4.40000000,4.0
489,618,Ryan Finley,4,3309656,789656,789656,2019,QB,76,213,4.73000000,30.50000000,,116.0,7.20000000,4.20000000,104.0
490,552,Cody Ford,4,7506640,4315395,4315395,2019,OT,76,329,5.21000000,28.50000000,19.0,104.0,8.27000000,4.87000000,38.0
491,632,Hjalte Froholdt,4,3240612,720612,720612,2019,OL,77,306,5.20000000,27.50000000,31.0,105.0,7.51000000,4.54000000,118.0
492,689,Lamont Gaillard,4,2708136,188136,188136,2019,OL,75,305,,,,,,,179.0
493,648,Greg Gaines,4,3146612,626612,626612,2019,DL,73,312,5.16000000,31.00000000,30.0,109.0,,,134.0
494,767,Malik Gant,3,1765000,85000,85000,2019,S,72,209,4.63000000,34.50000000,17.0,114.0,7.45000000,4.30000000,
495,619,Chauncey Gardner-Johnson,4,3304100,784100,784100,2019,S,71,210,4.48000000,36.00000000,17.0,117.0,7.03000000,4.20000000,
496,527,Rashan Gary,4,15877312,15877312,15877312,2019,DL,76,277,4.58000000,38.00000000,26.0,120.0,7.26000000,4.29000000,12.0
497,728,Myles Gaskin,4,2606777,86777,86777,2019,RB,69,205,4.58000000,35.50000000,24.0,118.0,7.19000000,4.27000000,234.0
498,660,Matt Gay,4,2845772,325772,325772,2019,K,72,232,,,,,,,145.0
499,655,Zach Gentry,4,2864460,344460,344460,2019,TE,80,265,4.90000000,29.50000000,12.0,110.0,7.40000000,4.53000000,141.0
500,668,Andrew Van Ginkel,4,2830780,310780,310780,2019,LB,75,241,,38.00000000,17.0,123.0,6.89000000,4.14000000,151.0
501,746,Carl Granderson,3,1770000,85000,85000,2019,EDGE,77,254,4.79000000,35.00000000,,119.0,7.44000000,4.41000000,
502,786,Donnell Greene,3,1760000,5000,5000,2019,OT,77,335,,,,,,,
503,777,Ethan Greenidge,3,1762500,37500,37500,2019,OL,76,327,,,,,,,
504,662,Dre Greenlaw,4,2841716,320487,321716,2019,LB,71,237,,33.00000000,24.0,117.0,,,148.0
505,590,Will Grier,4,3852996,822180,822180,2019,QB,74,217,4.84000000,34.00000000,,112.0,7.09000000,4.28000000,100.0
506,687,Saquan Hampton,4,2715208,195208,195208,2019,S,73,206,4.48000000,,14.0,125.0,,,177.0
507,792,Chase Hansen,3,1760000,5000,5000,2019,LB,75,222,,,,,,,
508,571,Mecole Hardman,4,4995052,2374812,2374812,2019,WR,70,187,4.33000000,36.50000000,17.0,119.0,,,56.0
509,711,Kelvin Harmon,4,2647840,127840,127840,2019,WR,74,221,4.60000000,32.50000000,18.0,117.0,7.15000000,4.32000000,206.0
510,602,Damien Harris,4,3631136,886136,886136,2019,RB,70,216,4.57000000,37.00000000,16.0,121.0,,,87.0
511,596,Will Harris,4,3723894,952244,952244,2019,S,73,207,4.41000000,36.50000000,20.0,123.0,6.91000000,4.12000000,81.0
512,547,N'Keal Harry,4,10098346,7731300,7731300,2019,WR,74,228,4.53000000,38.50000000,27.0,122.0,,,32.0
513,530,Dwayne Haskins,4,14416611,14416611,14416611,2019,QB,75,231,5.04000000,28.50000000,,,,,15.0
514,638,Phil Haynes,4,3210872,690872,690872,2019,OL,76,322,5.20000000,31.00000000,33.0,108.0,7.76000000,4.95000000,124.0
515,584,Darrell Henderson,4,4212005,1090656,1090656,2019,RB,68,208,4.49000000,33.50000000,22.0,121.0,,,70.0
516,755,Nate Herbig,3,1767500,12500,12500,2019,OL,75,335,5.41000000,24.00000000,29.0,90.0,8.15000000,5.04000000,
517,627,Justice Hill,4,3261656,741656,741656,2019,RB,70,198,4.40000000,40.00000000,21.0,130.0,,,113.0
518,573,Trysten Hill,4,4869974,2278162,2278162,2019,DL,75,308,5.04000000,35.00000000,28.0,115.0,7.70000000,4.38000000,58.0
519,523,T.J. Hockenson,4,19821225,19821225,19821225,2019,TE,77,251,4.70000000,37.50000000,17.0,123.0,7.02000000,4.18000000,8.0
520,671,Justin Hollins,4,2825732,305732,305732,2019,EDGE,77,248,4.50000000,36.50000000,25.0,119.0,7.06000000,4.40000000,156.0
521,710,Travis Homer,4,2662816,142816,142816,2019,RB,70,201,4.48000000,39.50000000,17.0,130.0,7.07000000,4.31000000,204.0
522,630,Amani Hooker,4,3253480,733480,733480,2019,S,71,210,4.48000000,37.00000000,14.0,123.0,6.81000000,4.10000000,116.0
523,538,Tytus Howard,4,12225550,12225550,12225550,2019,OT,77,322,5.05000000,29.50000000,21.0,103.0,8.34000000,4.87000000,
524,582,Jalen Hurd,4,4279678,1132492,1132492,2019,WR,77,226,,,23.0,,,,67.0
525,772,Alec Ingold,3,1765000,10000,10000,2019,FB,73,242,4.89000000,34.00000000,16.0,116.0,7.35000000,4.32000000,
526,578,Andy Isabella,4,4629876,2092626,2092626,2019,WR,69,188,4.31000000,36.50000000,15.0,121.0,6.95000000,4.15000000,62.0
527,678,Joe Jackson,4,2805688,285688,285688,2019,DL,76,275,,27.00000000,22.0,109.0,,,165.0
528,539,Josh Jacobs,4,11933398,11933398,11933398,2019,RB,70,220,,,,,,,24.0
529,760,Andre James,3,1765000,10000,10000,2019,OT,76,299,5.32000000,29.00000000,21.0,105.0,8.00000000,4.84000000,
530,731,Jalen Jelks,4,2598668,78668,78668,2019,EDGE,77,256,4.92000000,32.50000000,19.0,113.0,7.22000000,4.59000000,241.0
531,559,Elgton Jenkins,4,6767140,3744153,3744153,2019,OL,76,310,,28.00000000,29.0,109.0,7.77000000,4.62000000,44.0
532,634,Gary Jennings,4,3230932,710932,710932,2019,WR,73,214,4.42000000,37.00000000,20.0,127.0,7.32000000,4.15000000,120.0
533,740,Bisi Johnson,4,2594288,74288,74288,2019,WR,72,204,4.51000000,38.00000000,14.0,124.0,6.88000000,4.16000000,247.0
534,722,Darryl Johnson,4,2618088,98088,98088,2019,EDGE,78,253,,,20.0,,,,
535,581,Diontae Johnson,4,4280962,1133428,1133428,2019,WR,70,183,4.53000000,33.50000000,15.0,123.0,7.09000000,4.45000000,66.0
536,754,Fred Johnson,3,1770000,15000,15000,2019,OL,79,326,,,,,,,
537,643,Isaiah Johnson,4,3182292,662292,662292,2019,CB,74,208,4.40000000,36.50000000,,133.0,6.81000000,4.06000000,129.0
538,691,Jaquan Johnson,4,2704340,184340,184340,2019,S,70,191,4.69000000,33.00000000,18.0,121.0,,,
539,686,Keesean Johnson,4,2729312,209312,209312,2019,WR,73,201,4.60000000,30.00000000,14.0,117.0,7.28000000,4.23000000,174.0
540,569,Lonnie Johnson,4,5204652,2536775,2536775,2019,CB,74,213,4.52000000,38.00000000,15.0,129.0,7.01000000,4.10000000,54.0
541,520,Daniel Jones,4,25664056,25664056,25664056,2019,QB,77,221,4.81000000,33.50000000,,120.0,7.00000000,4.41000000,6.0
542,585,Dre'Mont Jones,4,4158800,1066400,1066400,2019,DL,75,281,5.12000000,31.50000000,,110.0,7.71000000,4.53000000,71.0
543,650,Michael Jordan,4,3008392,488392,488392,2019,OT,78,312,5.27000000,32.50000000,19.0,116.0,7.71000000,4.71000000,136.0
544,663,Vosean Joseph,4,2841296,321296,321296,2019,LB,73,230,,,,,,,147.0
545,665,Kingsley Keke,4,2833264,313264,313264,2019,DL,75,288,4.95000000,31.50000000,,111.0,7.55000000,4.46000000,150.0
546,788,Brandon Knight,3,1760000,55000,55000,2019,OT,76,314,,,,,,,
547,610,Dawson Knox,4,3521600,822180,822180,2019,TE,76,254,,34.50000000,16.0,,7.12000000,4.27000000,96.0
548,532,Dexter Lawrence,4,13248040,13248040,13248040,2019,DL,76,342,5.05000000,,36.0,,,,17.0
549,598,Justin Layne,4,3683180,922180,922180,2019,CB,74,192,4.50000000,37.50000000,,134.0,6.90000000,4.09000000,83.0
550,753,Jonathan Ledbetter,3,1770000,15000,15000,2019,DL,76,280,5.14000000,26.50000000,22.0,108.0,,,
551,641,Iman Lewis-Marshall,4,3193197,673197,673197,2019,CB,73,207,4.53000000,,16.0,,,,127.0
552,529,Chris Lindstrom,4,14663066,14663066,14663066,2019,OL,76,308,4.91000000,30.50000000,25.0,117.0,7.61000000,4.54000000,14.0
553,551,Greg Little,4,7638924,4517804,4517804,2019,OT,77,310,5.33000000,25.00000000,,113.0,,4.74000000,37.0
554,557,Drew Lock,4,7010817,3932450,3932450,2019,QB,76,228,4.69000000,31.00000000,,112.0,7.03000000,4.12000000,42.0
555,594,David Long,4,3801391,973060,973060,2019,CB,71,196,4.45000000,39.50000000,15.0,120.0,6.45000000,3.97000000,
556,697,David Long,4,2689716,169716,169716,2019,CB,71,196,4.45000000,39.50000000,15.0,120.0,6.45000000,3.97000000,
557,594,David Long,4,3801391,973060,973060,2019,LB,71,227,4.45000000,39.50000000,15.0,120.0,,,
558,697,David Long,4,2689716,169716,169716,2019,LB,71,227,4.45000000,39.50000000,15.0,120.0,,,
559,626,Bryce Love,4,3274332,754332,754332,2019,RB,69,200,,,18.0,,,,112.0
560,622,Julian Love,4,3290860,770860,770860,2019,CB,71,195,4.54000000,36.00000000,14.0,121.0,6.72000000,4.10000000,108.0
561,674,Daylon Mack,4,2819280,299280,299280,2019,DL,73,336,5.10000000,27.00000000,30.0,102.0,8.02000000,4.95000000,160.0
562,614,Alexander Mattison,4,3471172,822172,822172,2019,RB,71,221,4.67000000,35.00000000,22.0,127.0,7.13000000,4.29000000,102.0
563,563,Erik McCoy,4,6077748,3211441,3211441,2019,OL,76,303,4.89000000,31.00000000,29.0,107.0,8.28000000,4.62000000,48.0
564,546,Kaleb McGary,4,10265742,8700437,8700437,2019,OT,79,317,5.05000000,33.50000000,23.0,111.0,7.66000000,4.58000000,31.0
565,605,Connor McGovern,4,3618108,882108,882108,2019,OL,77,308,,,28.0,112.0,7.66000000,4.57000000,90.0
566,766,Mark McLaurin,3,1765000,30000,30000,2019,S,73,212,4.77000000,36.00000000,12.0,,,4.46000000,
567,591,Terry McLaurin,4,3847671,1003220,1003220,2019,WR,72,208,4.35000000,37.50000000,18.0,125.0,7.01000000,4.15000000,76.0
568,705,Trace McSorley,4,2680688,160688,160688,2019,QB,72,202,4.57000000,33.00000000,,115.0,7.09000000,4.12000000,197.0
569,579,D.K. Metcalf,4,4586050,1759308,1759308,2019,WR,75,228,4.33000000,40.50000000,27.0,134.0,7.38000000,4.50000000,64.0
570,758,Jakobi Meyers,3,1765000,60000,60000,2019,WR,74,203,4.63000000,37.00000000,13.0,118.0,7.07000000,4.23000000,
571,737,Joshua Miles,4,2594576,74576,74576,2019,OT,77,314,5.32000000,36.00000000,,109.0,8.07000000,4.75000000,
572,629,Christian Miller,4,3254208,734208,734208,2019,EDGE,75,247,,38.50000000,,118.0,,,115.0
573,685,Jordan Miller,4,2753988,233988,233988,2019,CB,73,186,4.49000000,37.00000000,6.0,125.0,,,172.0
574,652,Shareef Miller,4,3006528,486528,486528,2019,EDGE,76,254,4.69000000,29.50000000,16.0,,,4.45000000,138.0
575,688,Gardner Minshew,4,2710884,190884,190884,2019,QB,73,225,4.97000000,33.50000000,,116.0,7.14000000,4.45000000,178.0
576,587,David Montgomery,4,4015380,1046180,1046180,2019,RB,70,222,4.63000000,28.50000000,15.0,121.0,,,73.0
577,781,Jalin Moore,3,1762000,7000,7000,2019,RB,70,212,,,27.0,,,,
578,651,Foster Moreau,4,3008392,488392,488392,2019,TE,76,253,4.66000000,36.50000000,22.0,121.0,7.16000000,4.11000000,137.0
579,554,Trayvon Mullen,4,7259146,4124341,4124341,2019,CB,73,199,4.46000000,34.50000000,,123.0,,,40.0
580,548,Byron Murphy,4,7989498,5638278,5638278,2019,CB,71,190,4.55000000,36.50000000,14.0,120.0,,,33.0
581,515,Kyler Murray,4,35158645,35035000,35035000,2019,QB,70,207,,,,,,,1.0
582,621,Anthony Nelson,4,3292082,772080,772080,2019,DL,79,271,4.82000000,35.50000000,18.0,118.0,6.95000000,4.23000000,107.0
583,604,Bobby Okereke,4,3622116,883116,883116,2019,LB,73,239,4.58000000,33.50000000,,122.0,7.25000000,4.26000000,89.0
584,524,Ed Oliver,4,19565156,19565156,19565156,2019,DL,74,287,,36.00000000,32.0,120.0,,,9.0
585,583,Josh Oliver,4,4250844,1111524,1111524,2019,TE,77,249,4.63000000,34.00000000,22.0,117.0,7.21000000,4.47000000,69.0
586,666,Qadree Ollison,4,2831564,311564,311564,2019,RB,73,228,4.58000000,29.50000000,19.0,114.0,7.53000000,4.31000000,152.0
587,675,Charles Omenihu,4,2815280,295280,295280,2019,DL,77,280,4.92000000,36.50000000,,115.0,7.48000000,4.36000000,161.0
588,661,Amani Oruwariye,4,2842105,322105,322105,2019,CB,74,205,4.47000000,36.50000000,17.0,120.0,6.82000000,4.16000000,146.0
589,735,Javon Patterson,4,2594576,74576,74576,2019,OL,75,307,5.13000000,27.50000000,27.0,98.0,7.72000000,4.78000000,246.0
590,667,Ross Pierschbacher,4,2830824,310824,310824,2019,OT,76,307,5.20000000,22.50000000,20.0,,7.83000000,4.70000000,153.0
591,606,Trey Pipkins,4,3607576,877076,877076,2019,OT,78,309,5.12000000,33.50000000,16.0,114.0,7.61000000,4.70000000,
592,642,Tony Pollard,4,3187780,667780,667780,2019,RB,72,210,4.52000000,35.00000000,13.0,121.0,,,128.0
593,637,Ben Powers,4,3217532,697532,697532,2019,OL,76,307,,,21.0,,,,123.0
594,586,Germaine Pratt,4,4083539,1052884,1052884,2019,LB,74,240,4.57000000,32.50000000,24.0,116.0,,,72.0
595,709,Isaiah Prince,4,2669744,149744,149744,2019,OT,78,305,5.09000000,27.00000000,23.0,115.0,7.90000000,5.02000000,202.0
596,576,Taylor Rapp,4,4673694,2126489,2126489,2019,S,72,208,,35.00000000,17.0,115.0,6.82000000,3.99000000,61.0
597,633,Sheldrick Redwine,4,3240408,720408,720408,2019,S,72,196,4.44000000,39.00000000,,130.0,,4.14000000,119.0
598,664,Hunter Renfrow,4,2835948,315948,315948,2019,WR,70,184,4.59000000,35.00000000,7.0,116.0,6.80000000,4.19000000,149.0
599,639,Riley Ridley,4,3202596,682596,682596,2019,WR,73,199,4.58000000,30.50000000,13.0,124.0,7.22000000,4.28000000,126.0
600,556,Dalton Risner,4,7142284,4034037,4034037,2019,OT,77,312,5.30000000,28.50000000,23.0,110.0,7.69000000,4.52000000,41.0
601,729,Dontavius Russell,4,2603184,83184,83184,2019,DL,75,319,5.15000000,,24.0,,7.81000000,4.77000000,235.0
602,628,Dru Samia,4,3257119,737119,737119,2019,OT,77,305,5.29000000,27.50000000,28.0,101.0,7.89000000,4.70000000,114.0
603,567,Drew Sample,4,5506296,2769866,2769866,2019,TE,77,255,4.71000000,33.50000000,,115.0,7.15000000,4.31000000,52.0
604,555,Deebo Samuel,4,7247476,4731791,4731791,2019,WR,71,214,4.48000000,39.00000000,15.0,122.0,7.03000000,4.14000000,36.0
605,568,Miles Sanders,4,5350175,2649226,2649226,2019,RB,71,211,4.49000000,36.00000000,20.0,124.0,6.89000000,4.19000000,53.0
606,599,Khalen Saunders,4,3673180,915180,915180,2019,DL,72,324,5.01000000,30.50000000,27.0,101.0,7.57000000,4.62000000,
607,536,Darnell Savage,4,12517688,12517688,12517688,2019,S,71,198,4.36000000,39.50000000,11.0,126.0,7.03000000,4.14000000,21.0
608,669,Jordan Scarlett,4,2829412,309412,309412,2019,RB,71,208,4.47000000,30.00000000,21.0,116.0,7.37000000,4.63000000,154.0
609,570,Max Scharping,4,5068088,2431248,2431248,2019,OT,78,327,,28.00000000,27.0,108.0,7.77000000,4.69000000,
610,682,Austin Seibert,4,2780456,260456,260456,2019,K,69,213,,,,,,,170.0
611,625,Kendall Sheffield,4,3276789,756789,756789,2019,CB,71,193,,,,,,,111.0
612,588,Devin Singletary,4,3898000,1035824,1035824,2019,RB,67,203,4.66000000,35.00000000,15.0,117.0,7.32000000,4.40000000,74.0
613,684,Darius Slayton,4,2753988,233988,233988,2019,WR,73,190,4.39000000,40.50000000,11.0,135.0,7.00000000,4.15000000,171.0
614,565,Irv Smith,4,5798436,2995606,2995606,2019,TE,74,242,4.63000000,32.50000000,19.0,110.0,7.32000000,4.33000000,50.0
615,636,Benny Snell,4,3222068,702068,702068,2019,RB,70,224,4.66000000,29.50000000,16.0,119.0,7.07000000,4.33000000,
616,589,Jace Sternberger,4,3865528,1006528,1006528,2019,TE,76,251,4.75000000,31.50000000,17.0,113.0,7.19000000,4.31000000,75.0
617,679,Easton Stick,4,2797564,277564,277564,2019,QB,73,224,4.62000000,33.50000000,,118.0,6.65000000,4.05000000,
618,647,Jarrett Stidham,4,3153692,633692,633692,2019,QB,74,218,4.81000000,31.00000000,,110.0,7.28000000,4.33000000,133.0
619,723,Ty Summers,4,2617904,97904,97904,2019,LB,73,241,4.51000000,36.00000000,27.0,123.0,,,226.0
620,541,Montez Sweat,4,11641260,10563816,10563816,2019,EDGE,78,260,4.41000000,36.00000000,21.0,125.0,7.00000000,4.29000000,26.0
621,725,Tommy Sweeney,4,2616184,96184,96184,2019,TE,76,251,4.83000000,,17.0,,,,228.0
622,779,William Sweet,3,1762000,7000,7000,2019,OT,78,313,5.27000000,30.50000000,23.0,111.0,8.01000000,5.00000000,
623,595,Sione Takitaki,4,3735876,960876,960876,2019,LB,73,238,4.63000000,37.00000000,24.0,125.0,7.21000000,4.28000000,80.0
624,558,Jahlani Tavai,4,6893968,3842158,3842158,2019,LB,74,250,,,,,,,43.0
625,550,Jawaan Taylor,4,7823899,5767004,5767004,2019,OT,77,312,,,24.0,,,,35.0
626,659,Marvell Tell,4,2848160,328160,328160,2019,S,74,198,,42.00000000,,136.0,6.63000000,4.01000000,144.0
627,653,Deionte Thompson,4,2868832,348832,348832,2019,S,73,195,,,,,,,139.0
628,577,Juan Thornhill,4,4640266,1799427,1799427,2019,S,72,205,4.42000000,44.00000000,21.0,141.0,,,63.0
629,543,Jerry Tillery,4,11422158,10002591,10002591,2019,DL,78,295,4.93000000,32.00000000,23.0,115.0,7.45000000,4.33000000,28.0
630,644,Drue Tranquill,4,3178808,658808,658808,2019,LB,74,234,4.57000000,37.50000000,31.0,122.0,6.94000000,4.14000000,130.0
631,702,Oli Udoh,4,2686964,166964,166964,2019,OT,77,323,5.05000000,28.50000000,26.0,105.0,7.88000000,5.05000000,
632,680,D'Andre Walker,4,2786748,266748,266748,2019,EDGE,74,251,,,,,,,168.0
633,601,Kahale Warring,4,3640456,892204,892204,2019,TE,77,252,4.67000000,36.50000000,19.0,122.0,7.21000000,4.25000000,86.0
634,700,Armon Watts,4,2688453,168453,168453,2019,DL,77,300,5.23000000,,,,,,190.0
635,635,Trevon Wesco,4,3223884,703884,703884,2019,TE,75,267,4.89000000,31.00000000,24.0,117.0,7.18000000,4.38000000,121.0
636,519,Devin White,4,29315814,29315814,29315814,2019,LB,72,237,4.42000000,39.50000000,22.0,118.0,7.07000000,4.17000000,5.0
637,528,Christian Wilkins,4,15439100,15439100,15439100,2019,DL,75,315,5.04000000,29.50000000,28.0,107.0,,4.55000000,13.0
638,703,Dexter Williams,4,2686056,166056,166056,2019,RB,71,212,4.57000000,36.00000000,17.0,130.0,7.00000000,4.16000000,194.0
639,561,Greedy Williams,4,6458676,3505796,3505796,2019,CB,74,185,4.37000000,,,,,,46.0
640,560,Joejuan Williams,4,6611775,3624099,3624099,2019,CB,76,211,4.64000000,,17.0,,,,
641,526,Jonah Williams,4,17630166,17630166,17630166,2019,OT,76,302,5.12000000,28.00000000,23.0,100.0,8.01000000,4.79000000,11.0
642,517,Quinnen Williams,4,32529371,32529371,32529371,2019,DL,75,303,4.83000000,30.50000000,,112.0,,,3.0
643,692,Trayveon Williams,4,2701984,181984,181984,2019,RB,68,206,4.51000000,33.00000000,19.0,121.0,7.44000000,4.44000000,182.0
644,623,Khari Willis,4,3287104,767104,767104,2019,S,71,213,4.52000000,34.50000000,22.0,118.0,,,109.0
645,715,Donovan Wilson,4,2647356,127356,127356,2019,S,72,199,,36.00000000,18.0,127.0,,,213.0
646,670,Mack Wilson,4,2828804,308804,308804,2019,LB,73,240,,32.00000000,,117.0,,,155.0
647,793,Andrew Wingard,3,1760000,15000,15000,2019,S,72,209,4.56000000,36.50000000,9.0,121.0,7.08000000,4.20000000,
648,592,Chase Winovich,4,3827312,997312,997312,2019,EDGE,75,256,4.59000000,30.50000000,18.0,116.0,6.94000000,4.11000000,77.0
649,624,Mitch Wishnowsky,4,3284072,764072,764072,2019,P,74,218,4.63000000,32.50000000,,117.0,,,110.0
650,640,Renell Wren,4,3202596,682596,682596,2019,DL,77,318,5.01000000,32.00000000,30.0,118.0,7.65000000,4.53000000,125.0
651,615,Oshane Ximines,4,3452780,836780,836780,2019,EDGE,75,253,4.78000000,34.00000000,24.0,118.0,7.13000000,4.57000000,95.0
652,549,Rock Ya-Sin,4,7916454,5513259,5513259,2019,CB,72,192,4.51000000,39.50000000,18.0,120.0,7.31000000,4.31000000,34.0
